raster_full,AS_BUILD,0,0.0
raster_full,IRRADIANCE,0,0.0
raster_full,WORLD_SCENE,2446,1.4988208536385936
raster_full,SCENE_COPY,0,0.0
raster_full,SWAPCHAIN,2446,3.1921504497138182E-6
raster_full,LIGHT_SHAFTS,2446,0.10836514799672935
raster_no_pbr,AS_BUILD,0,0.0
raster_no_pbr,IRRADIANCE,0,0.0
raster_no_pbr,WORLD_SCENE,6491,0.3310943571098444
raster_no_pbr,SCENE_COPY,0,0.0
raster_no_pbr,SWAPCHAIN,6491,3.426282545062394E-6
raster_no_pbr,LIGHT_SHAFTS,6491,0.12776211246341088
raster_full_repeat,AS_BUILD,0,0.0
raster_full_repeat,IRRADIANCE,0,0.0
raster_full_repeat,WORLD_SCENE,2497,1.5042011117340808
raster_full_repeat,SCENE_COPY,0,0.0
raster_full_repeat,SWAPCHAIN,2497,3.0116139367240686E-6
raster_full_repeat,LIGHT_SHAFTS,2497,0.10910692831397677
rt_full,AS_BUILD,914,0.09935863457330417
rt_full,IRRADIANCE,914,0.042960805251641136
rt_full,WORLD_SCENE,914,4.816869811816193
rt_full,SCENE_COPY,0,0.0
rt_full,SWAPCHAIN,914,3.0109409190371993E-6
rt_full,LIGHT_SHAFTS,914,0.09352031509846828
rt_no_pbr,AS_BUILD,919,0.09937855930359087
rt_no_pbr,IRRADIANCE,919,0.04304299455930359
rt_no_pbr,WORLD_SCENE,919,4.774774459194776
rt_no_pbr,SCENE_COPY,0,0.0
rt_no_pbr,SWAPCHAIN,919,2.4374319912948855E-6
rt_no_pbr,LIGHT_SHAFTS,919,0.09623437649619151
rt_full_repeat,AS_BUILD,914,0.09945113347921225
rt_full_repeat,IRRADIANCE,914,0.04228936542669584
rt_full_repeat,WORLD_SCENE,914,4.796867851203501
rt_full_repeat,SCENE_COPY,0,0.0
rt_full_repeat,SWAPCHAIN,914,3.1159737417943105E-6
rt_full_repeat,LIGHT_SHAFTS,914,0.09304378118161925
